GAME_ID,AWAY_ML,HOME_ML,SPREAD,TOTAL_POINTS
201710170CLE,166,-195,4,214.5
201710170GSW,364,-470,9,232
201710180BOS,105,-125,6,208.5
201710180DAL,190,-240,6.5,199.5
201710180DET,125,-145,3,204
201710180IND,135,-155,3.5,212
201710180MEM,110,-130,3,205
201710180ORL,-170,145,3,207
201710180PHO,-140,120,1,220
201710180SAC,-310,250,9,218.5
201710180SAS,105,-125,3,207
201710180UTA,120,-140,2,209
201710180WAS,240,-300,6.5,215.5
201710190LAL,-260,210,4.5,218.5
201710190OKC,650,-1000,11.5,213
201710190TOR,800,-1400,12,206
201710200BRK,110,-130,1,220
201710200CHO,160,-190,6,202.5
201710200DAL,200,-250,5.5,203
201710200IND,-230,185,3.5,219
201710200MIL,-105,-115,1.5,210
201710200MIN,170,-200,5.5,200
201710200NOP,-470,360,6.5,222.5
201710200PHI,130,-150,1,216.5
201710200PHO,140,-160,2.5,222
201710200WAS,230,-280,6.5,210.5
201710210CHI,-600,447,7.5,202
201710210CLE,588,-850,11,212.5
201710210DEN,588,-850,11,216
201710210HOU,588,-850,10.5,214.5
201710210LAC,857,-1450,11.5,220
201710210MEM,-375,299,7.5,213
201710210MIA,334,-425,8.5,211
201710210MIL,130,-150,4.5,213.5
201710210NYK,-115,-105,1.5,206.5
201710210TOR,292,-365,7.5,216
201710210UTA,-180,155,4,200.5
201710220BRK,-105,-115,2.5,219.5
201710220LAL,-210,175,4,217
201710220OKC,150,-180,4.5,211.5
201710230DAL,-1400,800,10.5,214
201710230DEN,170,-200,2.5,223
201710230DET,140,-160,4,213
201710230HOU,280,-360,8,210.5
201710230MIA,500,-700,11.5,206
201710230MIL,210,-260,6,205
201710230PHO,-140,120,2,211
201710230SAS,125,-145,2.5,206
201710240BOS,240,-300,9,210
201710240CLE,1100,-2500,14,207.5
201710240LAC,170,-200,3,200.5
201710240MIN,500,-700,11,217
201710240ORL,170,-200,3.5,229
201710240POR,170,-200,4.5,219
201710250BRK,-340,270,7,227
201710250CHO,-140,120,pk,212
201710250DAL,-160,140,4,196
201710250DET,120,-140,pk,208
201710250GSW,700,-1100,11.5,224
201710250LAL,-220,180,5.5,230
201710250MIA,-150,130,3,195
201710250OKC,650,-1000,14,218
201710250PHI,-160,140,3,223
201710250PHO,-330,260,7,203
201710260CHI,110,-130,2.5,199.5
201710260MEM,270,-340,9,196.5
201710260MIL,160,-190,3.5,207
201710260POR,120,-140,1,210.5
201710260SAC,100,-120,1,204
201710270ATL,-280,230,8.5,206
201710270CHO,-140,120,3,213
201710270GSW,600,-900,10.5,231.5
201710270LAL,-240,190,6.5,224
201710270MIN,-125,105,2.5,214.5
201710270NYK,115,-135,1,219.5
201710270ORL,-240,190,5.5,204.5
201710280CHI,-400,300,8.5,204.5
201710280DAL,-110,-110,1,208
201710280LAC,290,-380,6,210
201710280MEM,115,-135,1,206
201710280MIA,-115,-105,1.5,205
201710280NOP,-135,115,3.5,215
201710280POR,600,-900,11,217
201710280UTA,425,-600,9,204.5
201710290ATL,-240,199,5.5,203
201710290BRK,-215,180,4.5,223.5
201710290CHO,148,-170,4,210
201710290CLE,451,-606,10,209
201710290GSW,912,-1600,13,222
201710290IND,-250,207,6.5,204
201710290SAC,-315,256,6,211
201710300BOS,151,-175,3,196
201710300HOU,237,-290,6,218
201710300LAC,-275,226,3.5,221
201710300MEM,180,-215,7,192.5
201710300MIA,-149,128,1.5,216.5
201710300NOP,263,-325,7.5,224
201710300NYK,-195,166,3.5,207
201710300POR,150,-174,2,215.5
201710300UTA,292,-365,7.5,190
201710310BRK,163,-190,3,231
201710310IND,207,-250,6,209
201710310LAL,-152,132,5,209
201710310MIL,-140,120,1,210
201711010BOS,600,-900,12.5,198
201711010CHO,145,-170,2,203
201711010CLE,400,-550,11,218.5
201711010DEN,105,-125,1,213.5
201711010LAC,425,-600,9,204.5
201711010MEM,125,-145,4.5,205
201711010MIA,375,-500,8,202
201711010NOP,115,-135,1,224
201711010NYK,-250,200,4.5,212
201711010PHI,260,-330,8.5,210
201711010UTA,145,-170,3,197
201711010WAS,525,-750,14,225.5
201711020POR,190,-240,8.5,210.5
201711020SAS,-350,275,6.5,219
201711030ATL,-420,320,8,211.5
201711030DAL,-200,170,4.5,213
201711030DEN,190,-240,5,214
201711030DET,100,-120,3,205
201711030LAL,135,-155,2,224
201711030NYK,160,-190,3.5,222.5
201711030OKC,210,-260,5.5,205
201711030ORL,275,-350,8,207
201711030PHI,170,-200,5.5,220
201711030SAS,165,-195,3.5,198
201711030UTA,110,-130,2,195
201711030WAS,135,-155,3.5,220
201711040CHI,-220,180,7,203
201711040DEN,-430,330,7.5,229
201711040DET,325,-425,8.5,197
201711040LAC,180,-220,5.5,199
201711040MIN,600,-900,12.5,215
201711050CLE,650,-1000,13.5,218
201711050HOU,200,-250,6.5,200
201711050LAC,190,-240,5.5,209.5
201711050LAL,-140,120,1.5,205.5
201711050MIN,160,-190,5,216.5
201711050NYK,-110,-110,2,216.5
201711050ORL,-155,135,3,205
201711050POR,-155,135,3,206.5
201711050SAS,425,-600,10,214
201711050TOR,220,-270,5,218
201711060ATL,-350,275,8.5,206
201711060GSW,950,-1800,15.5,226
201711060PHO,-110,-110,1,236
201711070CLE,180,-220,4,217.5
201711070DEN,650,-1000,10.5,233
201711070IND,-120,100,pk,218
201711070NYK,-135,115,2,209.5
201711070POR,120,-140,2.5,204
201711070SAC,-700,500,11.5,203.5
201711070SAS,155,-185,3,201
201711070TOR,575,-850,11.5,198.5
201711070UTA,215,-265,6,201.5
201711070WAS,425,-600,11,213.5
201711080BOS,240,-300,9.5,208
201711080DET,225,-275,5.5,210.5
201711080GSW,300,-400,11.5,230.5
201711080ORL,300,-400,5.5,213.5
201711080PHO,-240,190,5,215.5
201711090DEN,-135,115,1,213.5
201711090HOU,185,-230,5,227.5
201711090SAC,-250,200,7,204.5
201711090TOR,180,-220,4.5,217.5
201711090WAS,400,-550,9,220
201711100BOS,125,-145,3,205.5
201711100CHI,-155,135,4,206.5
201711100DET,260,-330,9,208
201711100OKC,190,-240,7,209.5
201711100PHO,-170,145,3.5,226
201711100POR,330,-430,8.5,224
201711100SAS,170,-200,4.5,206.5
201711100UTA,125,-145,3,196.5
201711110DAL,-250,200,5.5,217.5
201711110DEN,310,-410,8,222
201711110GSW,800,-1400,14.5,230
201711110HOU,230,-280,5,208
201711110MIL,210,-260,5,214
201711110NOP,200,-250,5.5,213.5
201711110NYK,215,-265,4.5,202
201711110PHO,-550,400,10,227
201711110SAS,450,-650,11,192.5
201711110UTA,240,-300,9,210
201711110WAS,400,-550,11,222
201711120BOS,-160,140,2,199.5
201711120DET,115,-135,3,202.5
201711120IND,-180,150,2.5,220.5
201711120OKC,450,-650,12,209
201711130GSW,711,-1100,14.5,233
201711130LAC,110,-130,2,218.5
201711130MIL,151,-175,3,200.5
201711130NOP,384,-500,9.5,217
201711130NYK,-225,188,3.5,220.5
201711130PHO,-105,-115,1,227.5
201711130POR,110,-130,2,211.5
201711130UTA,-145,125,3.5,206.5
201711130WAS,534,-750,11.5,207
201711140BRK,-280,230,8,211.5
201711140DAL,-260,210,6.5,200.5
201711140HOU,230,-280,6,220.5
201711150ATL,170,-200,3.5,205
201711150CHO,-110,-110,1.5,217.5
201711150LAL,-170,145,2.5,219.5
201711150MEM,130,-150,4.5,209
201711150MIA,110,-130,1.5,209.5
201711150MIL,160,-190,3,208
201711150MIN,175,-210,5,209.5
201711150NOP,130,-150,3,217
201711150NYK,145,-170,3,202.5
201711150OKC,750,-1200,12,202.5
201711150POR,180,-220,5.5,212
201711160BOS,-310,250,6,217.5
201711160PHO,-1000,650,11,228.5
201711170BRK,115,-135,1.5,211.5
201711170CHI,-280,230,7,196.5
201711170CLE,210,-260,6.5,224
201711170DAL,-250,200,7.5,211
201711170DEN,170,-200,3.5,216
201711170IND,100,-120,1.5,211.5
201711170LAL,255,-320,6,225.5
201711170SAC,-290,235,7.5,197.5
201711170SAS,-125,105,pk,198.5
201711170TOR,270,-340,7.5,218.5
201711170WAS,160,-190,4.5,208.5
201711180ATL,-260,220,7,205
201711180CHO,170,-195,4,212
201711180DAL,-250,210,7.5,205
201711180MEM,-285,240,6,212
201711180ORL,220,-260,6,211.5
201711180PHI,-400,330,8.5,232.5
201711180POR,600,-800,11.5,199
201711190BRK,-800,550,12.5,234
201711190LAL,-200,170,5,220
201711190MIA,190,-240,3,207
201711190MIN,200,-250,5,208.5
201711190PHO,125,-145,2.5,213.5
201711190TOR,210,-260,5.5,214
201711200CHO,120,-140,1.5,214
201711200DAL,-300,240,8,196.5
201711200DET,-135,115,1.5,215.5
201711200MEM,-120,100,1,193
201711200MIL,140,-160,4,208.5
201711200NOP,-150,130,2.5,214.5
201711200NYK,-130,110,1.5,211
201711200ORL,140,-160,3,222.5
201711200PHI,220,-270,7,213
201711200SAC,-240,190,7.5,208
201711200SAS,350,-450,9,204.5
201711210LAL,185,-230,5.5,209
201711220ATL,-150,130,2.5,210.5
201711220CHO,130,-150,1.5,210.5
201711220CLE,600,-900,11,229
201711220HOU,350,-450,9.5,227.5
201711220MEM,200,-250,5.5,196
201711220MIA,-125,105,2.5,195
201711220MIN,230,-280,7,216.5
201711220NOP,-105,-115,2,208
201711220NYK,-180,150,3,213
201711220OKC,-240,190,4,225
201711220PHI,155,-185,3,211
201711220PHO,-130,110,6,221
201711220SAC,-105,-115,1,209
201711220UTA,300,-400,8,196.5
201711240ATL,-105,-115,2,209.5
201711240BOS,230,-280,8.5,208
201711240BRK,-180,155,3.5,210
201711240CLE,192,-230,5.5,220.5
201711240DEN,207,-250,6,208.5
201711240GSW,1098,-2200,19.5,215
201711240IND,-125,105,pk,216.5
201711240MIN,135,-155,4,207.5
201711240OKC,314,-396,8,204
201711240PHO,-280,230,6,230
201711250ATL,-260,210,7.5,211.5
201711250CHO,105,-125,1,202
201711250DAL,-270,220,6,200
201711250GSW,500,-700,13,229.5
201711250HOU,750,-1400,13.5,219
201711250IND,-160,140,2,207
201711250PHI,180,-220,4,220
201711250SAC,-190,160,5,205
201711250UTA,-115,-105,1.5,199.5
201711250WAS,145,-170,3.5,201.5
201711260CHI,-310,250,7,195
201711260MEM,190,-240,5.5,212
201711260MIN,550,-800,11.5,227
201711270BOS,199,-240,6.5,198.5
201711270GSW,711,-1100,16,211
201711270HOU,1453,-4000,16,228.5
201711270IND,160,-185,3.5,218.5
201711270LAC,163,-190,4.5,215
201711270NYK,-125,105,1,202
201711270PHI,110,-130,pk,225
201711270SAS,344,-440,8.5,194.5
201711280CHI,-110,-110,pk,213.5
201711280CLE,155,-185,3.5,210
201711280MIN,180,-220,5.5,212.5
201711280SAC,-270,220,7,198.5
201711280UTA,-115,-105,1,207.5
201711290DAL,190,-240,4.5,213
201711290DET,550,-800,12,218
201711290HOU,500,-700,12,224.5
201711290LAL,-1200,750,10,225
201711290NOP,190,-240,3.5,218
201711290NYK,100,-120,pk,201
201711290ORL,-260,210,5.5,211
201711290PHI,250,-310,5,213
201711290SAS,350,-450,7,195
201711290TOR,270,-340,8,204.5
201711300ATL,-330,267,7.5,215.5
201711300BOS,288,-360,9,210
201711300DEN,462,-625,12,208.5
201711300LAC,-120,100,1,200
201711300POR,151,-175,2,200.5
201712010CHI,-115,-105,1,193
201712010MEM,-155,135,3.5,193.5
201712010MIA,115,-135,2.5,201
201712010OKC,190,-240,4.5,211
201712010ORL,-675,475,11,230
201712010TOR,240,-300,6,215.5
201712010UTA,-155,135,2.5,207.5
201712010WAS,-110,-110,1,206
201712020BOS,600,-900,13,215
201712020BRK,175,-210,4,220
201712020CLE,550,-800,11.5,208
201712020DAL,160,-190,5,207
201712020DEN,145,-170,6,223.5
201712020MIL,750,-1200,11,198
201712020PHI,150,-180,4,214.5
201712020POR,250,-310,3,209
201712030LAL,-900,600,11,225
201712030MIA,-650,450,10.5,218.5
201712030MIN,600,-900,11,213.5
201712030NYK,-140,120,2,212.5
201712030OKC,300,-400,4.5,199.5
201712040ATL,-105,-115,2.5,217.5
201712040BOS,175,-210,6.5,204
201712040CHI,-500,375,10,211.5
201712040CHO,240,-300,7,221
201712040DAL,110,-130,2.5,210
201712040IND,500,-700,9.5,210
201712040MEM,-145,125,3,203.5
201712040NOP,-450,350,10,227
201712040PHI,450,-650,10.5,227.5
201712040SAS,145,-170,3,198
201712040UTA,145,-170,1.5,200
201712050OKC,300,-400,7,198
201712050POR,210,-260,5.5,203
201712050TOR,1000,-2000,13,224.5
201712060BOS,275,-350,8.5,204.5
201712060CHO,-165,142,5.5,219.5
201712060CLE,750,-1200,13,210.5
201712060IND,425,-600,9.5,210
201712060LAC,-220,180,6,215
201712060MIL,155,-185,2.5,203.5
201712060NOP,180,-220,4,218.5
201712060NYK,105,-125,2.5,197
201712060ORL,220,-270,6,216.5
201712060SAS,300,-400,7,197.5
201712070BRK,-280,230,7.5,215
201712070PHI,320,-420,8,221
201712070PHO,-270,220,7.5,215.5
201712070UTA,-250,200,5,208
201712080CHO,416,-550,11,202
201712080DET,-240,199,5.5,212
201712080IND,-170,148,2,220.5
201712080MEM,-200,170,5,201
201712080MIL,230,-280,5,202
201712080NOP,394,-515,8,211
201712080ORL,105,-125,1,218
201712080SAS,115,-135,1,197
201712090ATL,190,-240,1,211.5
201712090BRK,-135,115,2,212.5
201712090CHI,-170,145,4,199
201712090CHO,140,-160,6.5,213.5
201712090CLE,190,-240,5,218
201712090LAC,-130,110,3,206
201712090MEM,-220,180,5,196.5
201712090MIL,-105,-115,3,199
201712090PHO,-230,185,9.5,205
201712090POR,-420,320,8,211
201712100DET,-120,100,1,201
201712100IND,175,-210,6.5,219
201712100MIN,275,-350,8,207
201712100NOP,225,-275,4.5,223.5
201712100NYK,180,-220,6,205
201712100SAC,-425,325,7.5,206
201712110CHI,-240,190,8,200.5
201712110GSW,300,-400,11.5,213
201712110HOU,800,-1400,12,226.5
201712110LAC,-250,200,6,216
201712110MEM,105,-125,1.5,195
201712110OKC,275,-350,6,206
201712120BRK,-155,135,2.5,213
201712120CLE,639,-950,11,219.5
201712120DAL,-255,211,5.5,198
201712120DET,226,-275,7,208.5
201712120MIN,166,-195,6.5,216.5
201712120NYK,125,-145,2.5,211
201712120SAC,171,-201,4,209
201712130BOS,199,-240,8,209
201712130CHI,-215,180,3.5,197
201712130HOU,619,-910,12.5,220
201712130IND,-115,-105,1.5,213
201712130MIA,115,-135,2.5,201
201712130NOP,110,-130,2,218.5
201712130ORL,-120,100,2,212.5
201712130PHO,-850,588,10.5,216.5
201712130WAS,263,-325,7,199.5
201712140ATL,-180,150,4,207
201712140BRK,105,-125,pk,214
201712140CLE,450,-650,10,219
201712140GSW,450,-650,12,212.5
201712140MIN,500,-700,10,204
201712150BOS,170,-200,5.5,198
201712150CHO,175,-210,5.5,204.5
201712150DEN,100,-120,pk,227
201712150HOU,295,-390,8,213.5
201712150IND,185,-230,4.5,209
201712150MEM,220,-270,6,200
201712150MIL,300,-400,8,204
201712150ORL,-185,155,3,210
201712150PHI,105,-125,2,212
201712150TOR,700,-1100,11,218
201712150WAS,425,-600,9.5,208.5
201712160CHO,145,-170,3,204.5
201712160CLE,400,-550,8.5,210
201712160HOU,450,-650,11.5,219.5
201712160MEM,-240,190,5,194.5
201712160MIA,220,-270,6,205.5
201712160MIN,600,-900,11.5,219.5
201712160NYK,-190,160,2.5,203.5
201712160SAS,200,-250,9.5,197
201712170BRK,-165,142,3,217
201712170DET,320,-420,11,200
201712170TOR,600,-900,12.5,206
201712170WAS,110,-130,1.5,213
201712180ATL,105,-125,2.5,202.5
201712180CHI,-130,110,1.5,209.5
201712180CHO,260,-330,6,202.5
201712180DAL,240,-300,6,208
201712180HOU,650,-1000,12,213.5
201712180IND,-140,120,1.5,206.5
201712180LAL,-230,185,6.5,219
201712180MIN,150,-180,3,204
201712180OKC,170,-200,4,210
201712180SAS,600,-900,11.5,203
201712190MIL,-115,-105,1,217
201712190PHI,310,-410,9,207
201712190WAS,110,-130,3,218
201712200ATL,-200,170,4.5,213.5
201712200BOS,350,-450,8,201
201712200BRK,190,-240,4.5,207
201712200CHI,180,-220,5,210
201712200CHO,-135,115,1,210.5
201712200DAL,105,-125,2,196
201712200DEN,-110,-110,2,215
201712200GSW,425,-600,10.5,207
201712200HOU,1000,-2000,14,223.5
201712200LAC,190,-240,4,211
201712200OKC,285,-370,7.5,199.5
201712200POR,130,-150,pk,198
201712210CLE,550,-800,11.5,213
201712210NYK,-150,130,2.5,201
201712210PHI,-180,150,2,216
201712210PHO,-160,140,pk,204
201712210UTA,-135,115,3.5,198
201712220BRK,-270,220,5,211
201712220DET,230,-280,6,201
201712220GSW,600,-900,10,216.5
201712220HOU,600,-900,11.5,218
201712220MIA,-125,105,pk,195.5
201712220MIL,175,-210,4.5,210
201712220OKC,500,-700,10.5,205
201712220ORL,-250,200,3.5,220
201712220POR,-130,110,1,202.5
201712230ATL,-125,105,2.5,203
201712230BOS,280,-360,6.5,207
201712230CHO,150,-180,1,210.5
201712230GSW,300,-400,10,219.5
201712230IND,400,-550,10,215
201712230LAL,140,-160,2,202.5
201712230MEM,125,-145,4,196.5
201712230MIA,-150,130,5.5,209.5
201712230PHO,-360,280,8,215
201712230SAC,-260,210,8.5,195
201712230TOR,255,-320,8.5,219
201712230UTA,105,-125,pk,197
201712230WAS,650,-1000,11.5,208.5
201712250BOS,150,-180,4.5,204.5
201712250GSW,150,-180,5,221
201712250LAL,-250,200,4.5,214.5
201712250NYK,-120,100,1.5,212
201712250OKC,120,-140,3.5,216.5
201712260DAL,-250,200,5.5,207
201712260DEN,210,-260,6,205.5
201712260DET,110,-130,2,208.5
201712260LAC,190,-240,5,204.5
201712260MIA,300,-400,3,208
201712260MIL,250,-310,6.5,211
201712260PHO,-120,100,pk,206
201712260SAS,575,-850,12,208.5
201712270ATL,-215,180,6,211.5
201712270CHI,105,-125,pk,207
201712270CHO,-111,-109,1,206
201712270GSW,534,-750,12,205.5
201712270IND,144,-165,5.5,206.5
201712270LAL,140,-160,1.5,198.5
201712270MIN,160,-185,5,214.5
201712270NOP,351,-450,10,220.5
201712270OKC,148,-170,2.5,211
201712270SAC,-525,400,10,207.5
201712280BOS,-120,100,2,215.5
201712280MIL,160,-190,2.5,214
201712280ORL,-180,150,5.5,201.5
201712280POR,-145,125,2.5,208
201712280SAS,450,-650,10.5,201
201712290CHI,135,-155,3,209
201712290GSW,450,-650,11,212.5
201712290LAL,-155,135,3,214.5
201712290MIA,200,-250,7,206
201712290NOP,235,-290,6,211
201712290OKC,220,-270,8,210.5
201712290SAC,120,-140,1,209
201712290TOR,500,-700,11,215
201712290WAS,-125,105,1,220.5
201712300ATL,-135,115,3.5,206.5
201712300DEN,240,-300,5,216
201712300DET,-190,160,4,195.5
201712300GSW,900,-1600,13.5,205.5
201712300NOP,180,-220,5.5,215
201712300ORL,-125,105,1,205
201712300UTA,-155,135,3.5,207.5
201712310BOS,375,-500,10.5,210
201712310HOU,1000,-2000,14.5,227.5
201712310IND,-150,130,2.5,209.5
201712310LAC,115,-135,1,213
201712310OKC,280,-360,6,202
201712310PHO,-160,140,3,220
201712310SAC,110,-130,2.5,194
201712310WAS,280,-360,6.5,212
20181010BRK,105,-125,2,217
20181010CHI,130,-150,1,207.5
20181010MIN,425,-600,10,218
20181010TOR,200,-250,6.5,214
20181020CLE,375,-500,8,210.5
20181020LAC,210,-260,5,204
20181020NYK,-220,180,4,198.5
20181020PHO,-105,-115,pk,218.5
20181020SAC,-180,150,3.5,205
20181030BOS,130,-150,2.5,213
20181030BRK,-260,210,5.5,214.5
20181030CHI,-190,160,3.5,217
20181030DAL,-360,280,8,215
20181030DEN,600,-900,11,218
20181030LAL,-250,200,6,213
20181030MIA,165,-195,3,194.5
20181030MIL,260,-330,7.5,208
20181030ORL,-330,260,8,220
20181030PHI,160,-190,1,204
20181030UTA,-105,-115,1,208.5
20181030WAS,350,-450,7.5,209.5
20181040HOU,-190,160,3.5,226
20181040LAC,-120,100,1,213
20181050BOS,140,-160,4,205
20181050DAL,150,-180,4,214
20181050DEN,225,-275,6.5,205
20181050LAL,-140,120,2,215.5
20181050MEM,-190,160,4.5,206.5
20181050MIA,215,-265,5,200.5
20181050MIL,-110,-110,1,215.5
20181050PHI,180,-220,6,209
20181050POR,270,-340,7,208
20181050SAS,600,-900,12.5,211.5
20181060BRK,-150,130,4.5,208
20181060DET,-250,200,4,213
20181060IND,210,-260,4.5,214.5
20181060LAC,-400,300,7,226
20181060MIN,100,-120,2,218
20181060ORL,-450,350,8.5,221
20181060SAC,-350,275,5,207
20181060WAS,140,-160,4.5,214.5
20181070DAL,180,-220,4,207
20181070LAL,145,-170,3.5,216.5
20181070MIA,140,-160,4.5,197
20181070PHO,-425,325,9.5,219
20181070POR,100,-120,2,198
20181080BRK,-310,252,7.5,217
20181080CHI,-235,195,5,222
20181080GSW,447,-600,10,225
20181080IND,100,-120,1.5,214
20181080LAC,160,-185,4,212.5
20181080MIN,-115,-105,1,219
20181080NOP,215,-260,7,213
20181080SAC,-215,180,6,198.5
20181090DAL,270,-340,6,212.5
20181090LAL,290,-380,6.5,212.5
20181090OKC,300,-400,8.5,204.5
20181090TOR,150,-180,7,208
20181100BRK,-130,110,1.5,204
20181100CHO,235,-290,5,208
20181100DEN,375,-500,9.5,215.5
20181100GSW,600,-900,16.5,227
20181100HOU,240,-300,9,214
20181100IND,150,-180,4.5,207
20181100MEM,-105,-115,1,209
20181100MIL,500,-700,9.5,217.5
20181100MIN,150,-180,3.5,209.5
20181100NYK,175,-210,4,208
20181100WAS,280,-360,7.5,204.5
20181110LAL,-135,115,2.5,209.5
20181110PHI,-130,110,1.5,205.5
20181110SAC,-170,145,2,209
20181110TOR,-150,130,2.5,218.5
20181120ATL,130,-150,2.5,211
20181120CHO,170,-200,4,207.5
20181120DEN,230,-280,7.5,208.5
20181120IND,-125,105,1,223
20181120MIL,-200,170,5,222
20181120MIN,350,-450,9,209
20181120NOP,155,-185,2,218
20181120PHO,-350,275,7.5,227.5
20181120WAS,550,-800,10,217
20181130CHI,-120,100,1,207
20181130CHO,-130,110,2,211.5
20181130DAL,170,-200,4,215.5
20181130LAC,250,-310,7.5,215.5
20181130SAS,260,-330,7.5,206.5
20181130TOR,-210,175,3.5,224.5
20181130WAS,360,-470,9.5,215
20181140MIA,105,-125,2.5,205
20181140MIN,200,-250,5.5,212.5
20181140NYK,-135,115,1,217
20181140PHO,-170,145,5,218
20181150ATL,-240,190,8.5,205.5
20181150BRK,140,-160,pk,208.5
20181150CHI,100,-120,1.5,206.5
20181150CLE,-240,190,4,230
20181150DET,130,-150,3,203.5
20181150LAC,-200,170,2.5,229.5
20181150MEM,150,-180,2,203
20181150OKC,700,-1100,12,209.5
20181150PHI,-130,110,pk,218
20181150UTA,170,-200,4,205.5
20181150WAS,180,-220,5.5,214
20181160BOS,180,-220,4.5,213
20181160DEN,230,-280,5.5,212
20181160ORL,-400,300,7,216
20181160POR,450,-650,10.5,219
20181170ATL,-140,120,3.5,220
20181170BRK,-220,180,7.5,205
20181170CHI,-440,340,10,230
20181170CHO,105,-125,1,211.5
20181170LAC,150,-180,2.5,221
20181170MEM,-135,115,1,201
20181170MIL,160,-190,4,201.5
20181170OKC,400,-550,10,215.5
20181170SAC,-180,150,3.5,201.5
20181170TOR,350,-450,8.5,214
20181180BOS,130,-150,3.5,211
20181180CLE,625,-950,10.5,222
20181180HOU,175,-210,4.5,222.5
20181180POR,160,-190,3.5,213.5
20181190BRK,-165,142,2.5,205.5
20181190DEN,375,-500,9,218
20181190DET,100,-120,pk,207.5
20181190LAL,-135,115,3.5,214
20181190MEM,200,-250,6,202
20181190TOR,200,-250,5,207
20181190UTA,185,-230,4,203.5
20181200ATL,110,-130,pk,214
20181200CHO,240,-300,5,205
20181200CLE,130,-150,4,222
20181200HOU,-150,130,4.5,234
20181200MIN,-125,105,3,215.5
20181200NOP,350,-450,8.5,211
20181200PHI,260,-330,6.5,213
20181200POR,180,-220,5,209
20181200UTA,125,-145,2.5,211.5
20181210BOS,500,-700,10.5,208
20181210DET,210,-260,5.5,207.5
20181210LAL,-130,110,1.5,213.5
20181210SAS,200,-250,5.5,199.5
20181220ATL,-145,125,2.5,205
20181220CHO,450,-650,9,209
20181220DAL,-125,105,1.5,214
20181220DEN,135,-155,2.5,212
20181220HOU,550,-800,10,214.5
20181220LAC,115,-135,1.5,219.5
20181220MEM,-150,130,2.5,207.5
20181220MIL,180,-220,4,211.5
20181220NOP,230,-280,5.5,224.5
20181230GSW,1284,-3000,14,226.5
20181230LAL,-215,180,4.5,207
20181230OKC,410,-540,10,213.5
20181230ORL,256,-315,6,213
20181230SAS,-140,120,2,207.5
20181240ATL,-280,230,6,214
20181240CHO,120,-140,1.5,222.5
20181240DAL,-280,230,5.5,217
20181240DET,110,-130,3,201
20181240IND,235,-290,8,216
20181240LAC,140,-160,1,214.5
20181240MEM,-120,100,pk,192
20181240PHI,200,-250,5,219.5
20181240POR,135,-155,2,214
20181250DEN,230,-280,4.5,214
20181250GSW,700,-1100,12.5,227
20181250MIA,360,-470,10,201.5
20181250OKC,180,-220,4.5,212.5
20181260CHI,150,-180,4,218
20181260CHO,230,-280,7,209
20181260CLE,220,-270,4,222
20181260DAL,-125,105,1,208.5
20181260MEM,-190,160,3,210
20181260MIL,220,-270,5.5,213.5
20181260NOP,-200,170,3,229.5
20181260PHO,-130,110,2.5,221
20181260SAS,135,-155,3.5,205
20181260TOR,320,-420,7,207
20181270ATL,-170,145,5,210.5
20181270DEN,280,-360,7,207.5
20181270DET,-180,150,3,206
20181270GSW,525,-750,9.5,222.5
20181270IND,210,-260,7,213.5
20181270MIA,145,-170,4,203
20181270MIN,525,-750,9.5,216.5
20181280CHI,-145,125,pk,214
20181280CLE,280,-360,8,215.5
20181280HOU,1000,-2000,14,227
20181280NOP,115,-135,pk,227.5
20181280OKC,140,-160,3.5,213
20181280SAS,600,-900,10,192.5
20181280TOR,500,-700,10,218
20181290ATL,-270,220,6.5,215.5
20181290DAL,-130,110,1,196
20181290DEN,100,-120,1,203.5
20181290IND,105,-125,2.5,215
20181290MEM,290,-380,8,207
20181290MIL,200,-250,3,211
20181300DET,-260,210,2,218.5
20181300HOU,800,-1400,12.5,222
20181300LAC,-155,135,2,220
20181300NOP,400,-550,8,214
20181300NYK,200,-250,4.5,216
20181300SAS,235,-290,6,201
20181300TOR,225,-275,5.5,218
20181300UTA,-400,300,7,217.5
20181300WAS,-160,140,4.5,219.5
20181310ATL,-140,120,3,211
20181310BOS,190,-240,9,208
20181310BRK,-370,285,5.5,211
20181310CLE,125,-145,3.5,213
20181310IND,300,-400,6,205
20181310ORL,-150,130,2.5,216.5
20181310PHO,-140,120,4.5,209
20181310POR,290,-380,7,214
20182010DEN,-125,105,1.5,212
20182010DET,320,-420,8,203
20182010MIN,210,-260,5.5,212.5
20182010SAS,-145,125,pk,212
20182010WAS,-190,160,4,213
20182020BOS,240,-300,9.5,203.5
20182020BRK,-105,-115,1.5,216.5
20182020CHO,145,-170,2.5,211
20182020MIL,160,-190,4.5,208
20182020OKC,220,-270,6.5,220
20182020PHI,150,-180,4.5,201.5
20182020PHO,-260,210,5.5,210.5
20182020SAC,-1400,800,12.5,221
20182020TOR,170,-200,4.5,214.5
20182030CLE,-165,142,3.5,230
20182030DEN,-220,180,5.5,229
20182030DET,170,-200,2,197
20182030IND,100,-120,2.5,211.5
20182030LAC,350,-450,8,221
20182030MIN,300,-400,7.5,220.5
20182030ORL,-200,170,3.5,217
20182030SAC,-190,160,4.5,202
20182030SAS,220,-270,6,195
20182040BOS,-125,105,1.5,202
20182040BRK,-200,170,4.5,208.5
20182040NYK,180,-220,5,211
20182040OKC,400,-550,10,218.5
20182040PHO,-275,225,6,219
20182040TOR,600,-900,12,208
20182050DEN,150,-180,5.5,218.5
20182050DET,130,-150,2,210.5
20182050IND,-150,130,2,212.5
20182050LAC,220,-270,6,212.5
20182050MIA,325,-425,7,205.5
20182050NOP,-110,-110,2,213.5
20182050SAC,110,-130,1,211
20182060ATL,140,-160,2,204.5
20182060BRK,-850,575,10.5,218
20182060GSW,425,-600,10,229
20182060LAL,280,-360,8,217.5
20182060NYK,105,-125,1.5,205
20182060ORL,-300,240,7,221
20182060PHI,230,-280,4.5,213.5
20182060TOR,175,-210,5,206.5
20182070CLE,-160,140,pk,220
20182070DET,375,-500,9.5,208
20182070MEM,-300,240,7.5,201
20182070MIA,-195,165,5,210.5
20182070PHO,-650,450,11,203
20182080GSW,850,-1500,13,221
20182080LAL,105,-125,3,215
20182080ORL,-125,105,1,214
20182080POR,145,-170,4,214
20182080TOR,850,-1500,15,209
20182080WAS,-135,115,1,205
20182090ATL,-135,115,2,216.5
20182090BOS,155,-185,5,204.5
20182090CHI,-340,270,6.5,215.5
20182090DET,145,-170,3,217
20182090HOU,300,-400,8.5,222
20182090MIA,105,-125,1.5,198.5
20182090PHI,200,-250,5.5,221.5
20182090SAC,-220,180,6.5,208.5
20182090UTA,220,-270,4.5,208.5
20182100BRK,-140,120,1.5,221
20182100CHI,-230,185,5,214
20182100DAL,145,-170,2.5,213
20182100GSW,525,-750,11,216.5
20182100ORL,-220,180,5,207
20182100PHI,180,-220,2.5,217.5
20182100PHO,-325,260,7.5,219.5
20182110ATL,-170,145,3.5,210
20182110BOS,160,-190,4,212
20182110CHO,-155,135,3,214.5
20182110HOU,1000,-2000,13.5,216.5
20182110IND,280,-360,9.5,208
20182110MIN,750,-1200,13.5,212
20182110OKC,160,-190,8,205.5
20182110POR,145,-170,3.5,204.5
20182120BRK,-200,170,4.5,218
20182120CHI,175,-210,4.5,214
20182120DET,140,-160,3,219
20182120GSW,1300,-3500,15.5,228
20182120PHI,525,-750,11.5,208
20182120UTA,150,-180,4.5,196.5
20182130DAL,230,-280,6.5,204
20182130DEN,230,-280,7,207.5
20182130MIL,250,-310,7.5,207
20182130MIN,-160,140,2.5,222.5
20182130OKC,140,-160,2,222
20182130TOR,300,-400,8,206
20182140BOS,170,-200,5,208
20182140BRK,-160,140,4.5,214.5
20182140CHI,-290,235,7,217
20182140DET,500,-700,8.5,212
20182140HOU,1000,-2000,15.5,216.5
20182140MEM,-200,170,4,207.5
20182140NOP,185,-230,5.5,224
20182140NYK,-190,160,5,205
20182140ORL,-260,210,5.5,213
20182140PHI,145,-170,6.5,201
20182140POR,-270,220,6,226
20182140UTA,525,-750,11.5,209.5
20182150MIL,110,-130,3,212
20182150MIN,450,-650,10,222.5
20182220CHI,-300,240,5,214.5
20182220CHO,320,-420,7.5,213.5
20182220CLE,240,-300,5,220
20182220GSW,525,-750,11,233
20182220ORL,140,-160,3,211
20182220SAC,-360,280,7.5,213
20182230DEN,145,-170,3.5,211
20182230DET,-135,115,1,204.5
20182230HOU,300,-400,7.5,226
20182230IND,255,-320,8,211
20182230LAL,165,-195,3.5,224
20182230MEM,-230,185,5.5,212
20182230NOP,115,-135,3,214
20182230PHO,-240,190,4.5,224.5
20182230TOR,280,-360,8.5,215
20182230UTA,160,-190,3.5,206.5
20182230WAS,150,-180,3.5,212
20182240GSW,450,-650,9.5,233.5
20182240MIA,400,-550,7,195
20182240MIN,275,-350,8.5,218.5
20182240NYK,-260,210,4.5,208
20182240PHI,425,-600,10,215.5
20182240PHO,-280,230,5.5,220
20182240SAC,-125,105,1.5,220
20182240UTA,425,-600,7.5,206
20182250CHO,155,-185,4,214.5
20182250CLE,160,-190,4.5,215.5
20182250DEN,-200,170,4.5,228
20182250MIL,155,-185,4.5,221.5
20182250WAS,105,-125,1.5,211.5
20182260ATL,-130,110,2.5,223.5
20182260BOS,750,-1200,11,200
20182260BRK,160,-190,1.5,217.5
20182260DAL,-150,130,2,210
20182260NOP,250,-310,7,231
20182260NYK,-1400,800,12,230
20182260OKC,500,-700,10.5,220.5
20182260SAC,-210,175,6,214.5
20182260TOR,500,-700,11,218
20182260UTA,-125,105,2.5,211
20182270CHO,650,-1000,9,216.5
20182270CLE,550,-800,12,221
20182270DEN,185,-230,3.5,233.5
20182270MIA,-105,-115,pk,205
20182270MIL,130,-150,3.5,210.5
20182270POR,700,-1100,11,210.5
20182280ATL,-180,150,4,211
20182280BOS,280,-360,6,208
20182280DAL,-220,180,5,214
20182280DET,-105,-115,2,208
20182280LAC,-425,325,7,225.5
20182280MEM,125,-145,2,213
20182280ORL,-500,375,9,220
20182280SAS,170,-200,5.5,220
20182280WAS,-470,360,8.5,226.5
20183010CLE,130,-150,3,222.5
20183010MIA,180,-220,3.5,215.5
20183010POR,190,-240,4,217
20183010SAC,-140,120,pk,214
20183020ATL,-1200,750,13,227
20183020CHI,-140,120,pk,211.5
20183020LAC,350,-450,9.5,228
20183020MEM,-440,340,7.5,215.5
20183020MIL,145,-170,3,210.5
20183020ORL,-140,120,3,212.5
20183020PHI,142,-165,3.5,216
20183020PHO,-380,290,8,223
20183020UTA,270,-340,5.5,210
20183020WAS,-150,130,3,216
20183030CLE,150,-180,5,228.5
20183030HOU,300,-400,7.5,217
20183030MIA,180,-220,4.5,206
20183030ORL,240,-300,8,208.5
20183030POR,160,-190,3.5,213
20183030SAC,-330,260,6.5,203
20183030SAS,200,-250,4,219
20183040ATL,105,-125,2.5,221.5
20183040DAL,-180,150,2.5,223
20183040LAC,275,-350,9.5,224.5
20183040MIL,-120,100,1,210
20183040SAC,-140,120,1.5,215
20183040TOR,325,-425,9,220
20183040WAS,150,-180,3.5,208
20183050CHI,-310,250,8.5,217
20183050CLE,225,-275,7,219
20183050IND,120,-140,2.5,209
20183050LAL,-135,115,2.5,223.5
20183050MIA,400,-550,9.5,216.5
20183050SAS,700,-1100,11,199.5
20183050UTA,375,-500,9.5,206.5
20183060CHO,-130,110,1,214
20183060DAL,-280,230,4.5,220
20183060GSW,1100,-2500,15.5,231
20183060LAC,110,-130,3,238
20183060OKC,-230,185,4,222.5
20183060POR,400,-550,10,214
20183060TOR,800,-1400,13.5,218.5
20183060WAS,150,-180,5,203.5
20183070CHI,145,-170,3,206.5
20183070DEN,135,-155,2,228.5
20183070DET,-240,190,5,213
20183070IND,-120,100,1,200
20183070LAL,235,-290,6,227
20183070MIL,-250,200,6,216.5
20183070SAC,-250,200,5,224
20183080CHO,260,-330,7.5,218
20183080GSW,550,-800,12,222
20183080MIA,-110,-110,1.5,208.5
20183080MIN,-140,120,2,214.5
20183080OKC,500,-700,11,228.5
20183090DEN,240,-300,6.5,231
20183090DET,290,-380,8,214
20183090IND,360,-470,8.5,207.5
20183090LAC,-125,105,pk,231
20183090MEM,-600,425,9,198
20183090MIL,425,-600,9.5,212
20183090NOP,-155,135,2.5,219.5
20183090POR,110,-130,4,227.5
20183090SAC,115,-135,4.5,211
20183090TOR,-145,125,1,221
20183100CHO,800,-1400,13,223
20183100DAL,400,-550,8,205.5
20183100LAC,650,-1000,12,220.5
20183100MIA,150,-180,4,207
20183100OKC,150,-180,4.5,210.5
20183110ATL,110,-130,3,214
20183110BOS,170,-200,6.5,209
20183110BRK,-250,200,6,217
20183110DAL,-700,500,12,215
20183110DEN,650,-1000,11.5,217
20183110LAL,-135,115,3,228.5
20183110MIN,-165,142,5.5,226
20183110NOP,-120,100,3.5,212
20183110NYK,-650,450,9.5,218
20183120HOU,650,-1000,13,208
20183120MEM,-360,280,6.5,205.5
20183120OKC,900,-1600,12,210
20183120POR,190,-240,7,211
20183130ATL,-260,210,5.5,214
20183130BRK,-500,375,10,219
20183130CHI,-400,300,5,224.5
20183130LAL,-130,110,2,232.5
20183130NOP,170,-200,4,230
20183130NYK,-105,-115,2.5,212.5
20183130PHI,230,-280,5,210.5
20183130PHO,-370,285,7,230
20183130SAS,450,-650,10.5,206
20183130UTA,350,-450,7.5,198
20183130WAS,135,-155,4,216
20183140BOS,-190,160,2,204
20183140GSW,200,-250,7.5,223
20183140ORL,-650,450,8.5,207.5
20183140SAC,-300,240,6,205.5
20183150ATL,-235,195,4.5,220
20183150DEN,317,-400,7.5,216
20183150HOU,664,-1000,11.5,224.5
20183150IND,-175,151,4,214.5
20183150MEM,120,-140,pk,211.5
20183150NYK,-640,471,9,217
20183150POR,180,-215,4,222
20183150SAS,160,-185,4,219.5
20183150UTA,980,-1800,12.5,212
20183160GSW,317,-400,12,214
20183160LAL,110,-130,3.5,219.5
20183160OKC,218,-265,4,222
20183160ORL,-275,226,6.5,205
20183160PHI,317,-400,9,217.5
20183160TOR,471,-640,12.5,213
20183170BRK,170,-200,1.5,213
20183170CHI,-350,275,6,223
20183170MEM,-340,270,6,216
20183170MIL,600,-900,10,214.5
20183170NOP,-420,320,6.5,227
20183170NYK,-300,240,6,221
20183170PHO,-210,175,3,217
20183170POR,365,-480,8,208.5
20183170SAS,160,-190,4.5,211.5
20183170UTA,1200,-3000,14,200
20183170WAS,160,-190,3.5,209
20183180LAC,110,-130,1,220.5
20183180MIN,-330,260,7,221
20183180NOP,135,-155,3,214.5
20183180TOR,210,-260,6.5,216
20183190BRK,300,-400,5,212
20183190CLE,130,-150,3.5,222.5
20183190IND,180,-220,5,219.5
20183190MIA,105,-125,1.5,215.5
20183190NYK,180,-220,5.5,216.5
20183190PHI,325,-425,7,223
20183190SAC,-170,145,2.5,203
20183190SAS,290,-380,6.5,206
20183200BOS,-230,185,2.5,208
20183200MIN,145,-170,2.5,227.5
20183200NOP,250,-310,9,218.5
20183200ORL,-500,375,10,214
20183200PHO,-370,285,6,215
20183200POR,-190,160,4,216
20183200UTA,900,-1600,13.5,208
20183210BRK,-120,100,1,223
20183210CHI,-500,375,10,222
20183210CLE,-120,100,pk,227.5
20183210MIA,425,-600,10,214
20183210MIL,185,-230,4,224.5
20183210NOP,100,-120,2,221
20183210PHI,800,-1400,13,211
20183210SAS,185,-230,5.5,203.5
20183220CHO,350,-450,9,214.5
20183220DAL,-450,350,9,199.5
20183220HOU,650,-1000,12.5,214.5
20183220NOP,120,-140,4,228.5
20183220ORL,-400,300,7,212.5
20183220SAC,140,-160,2.5,211.5
20183230CHI,-190,160,3.5,215.5
20183230CLE,1300,-3500,12.5,230
20183230GSW,600,-900,9,221
20183230IND,145,-170,2.5,217.5
20183230NYK,-270,220,6.5,223.5
20183230OKC,225,-275,7,215.5
20183230POR,290,-380,6.5,203
20183230SAS,140,-160,2.5,193.5
20183230TOR,650,-1000,13,221.5
20183230WAS,105,-125,1.5,220.5
20183240DAL,-145,125,2,214.5
20183240DET,800,-1400,11,210
20183240HOU,360,-470,10,228
20183240MEM,-290,235,4.5,217
20183240ORL,260,-330,6,217.5
20183240PHI,300,-400,6,222
20183250BRK,-330,260,5.5,228.5
20183250GSW,-550,400,4,203.5
20183250HOU,1100,-2500,15,219.5
20183250IND,130,-150,3,208
20183250MIL,-125,105,2.5,203.5
20183250OKC,150,-180,2,214.5
20183250SAC,-275,225,7,199.5
20183250TOR,325,-425,9,225.5
20183250WAS,500,-700,10,217
20183260CHO,614,-900,10.5,223
20183260DET,172,-205,4.5,214.5
20183260MIN,837,-1400,14,215.5
20183260PHI,192,-230,4,222
20183260PHO,-650,477,9.5,210
20183270GSW,-400,300,3,203
20183270HOU,900,-1600,17.5,218
20183270LAC,130,-150,2.5,225
20183270MIA,-135,115,3,220
20183270NOP,-130,110,1,221.5
20183270SAC,125,-145,pk,201.5
20183270TOR,300,-400,9,226.5
20183270WAS,-135,115,1,200.5
20183280CHO,100,-120,1,229.5
20183280LAL,280,-360,7.5,216.5
20183280MEM,-275,225,5,202
20183280MIN,700,-1100,12.5,217.5
20183280ORL,-140,120,1,216.5
20183280PHI,1000,-2000,13,220
20183280PHO,-1000,650,9.5,220
20183280UTA,525,-750,6,195.5
20183290DET,-140,120,1,210
20183290GSW,150,-180,3.5,215.5
20183290MIA,900,-1600,13,210.5
20183290SAC,-350,275,7,203.5
20183290SAS,105,-125,1,207
20183300ATL,-410,310,7.5,215.5
20183300CLE,185,-230,4,229.5
20183300DAL,-255,205,4.5,216.5
20183300HOU,1800,-8000,18.5,218
20183300LAL,-120,100,pk,218.5
20183300OKC,150,-180,4,222
20183300ORL,220,-270,5,212
20183300POR,190,-240,5.5,219.5
20183300UTA,1200,-3000,15,196
20183310BOS,-200,170,4,208
20183310MIA,320,-420,8,213
20183310NYK,-190,160,3.5,211
20183310SAC,-430,330,8.5,211.5
20183310WAS,200,-250,5,219.5
20184010ATL,110,-130,1.5,209
20184010BRK,-120,100,1,210
20184010CHI,-330,260,8,210.5
20184010CHO,-145,125,1,217.5
20184010CLE,550,-800,11,217.5
20184010DEN,180,-220,4,223.5
20184010GSW,1200,-3000,15.5,216
20184010LAC,140,-160,2.5,215.5
20184010LAL,260,-330,7,210.5
20184010MIN,-150,130,1,208.5
20184010NOP,-120,100,pk,226
20184010POR,1200,-3000,14.5,206.5
20184010SAS,-105,-115,2.5,209
20184030CHI,-240,190,5.5,215
20184030CLE,110,-130,1,223.5
20184030DAL,-330,260,9,207
20184030DEN,170,-200,3,216.5
20184030HOU,325,-425,8.5,212.5
20184030LAC,-135,115,pk,210
20184030MIA,900,-1600,11,207
20184030MIL,165,-195,2,206.5
20184030NYK,100,-120,1,212
20184030OKC,150,-180,2,221
20184030PHI,350,-450,8.5,221
20184030PHO,-145,125,1,210
20184030UTA,600,-900,10.5,209
20184040ATL,-340,270,8,205
20184040DET,-135,115,1.5,210
20184040LAL,-280,230,6,207
20184040NOP,900,-1600,12,216.5
20184040ORL,105,-125,1.5,202.5
20184040TOR,270,-340,7.5,206
20184050CLE,210,-260,4,219
20184050DEN,160,-190,5.5,227.5
20184050HOU,600,-900,10,213.5
20184050IND,-150,130,1.5,213.5
20184050MIL,400,-550,7.5,220.5
20184050UTA,270,-340,6.5,211
20184060BOS,260,-330,11,200
20184060DET,260,-330,8,202
20184060LAL,-230,185,3,219
20184060MEM,-170,145,4,198
20184060NYK,-400,300,9,209.5
20184060ORL,-330,260,5.5,210.5
20184060PHI,145,-170,3,222
20184060PHO,-1200,750,10.5,220
20184060TOR,275,-350,8,208.5
20184060WAS,575,-850,10.5,208
20184070CHI,-215,180,5.5,215.5
20184070GSW,207,-250,7,224
20184070HOU,155,-180,7,219.5
20184070LAC,-180,155,pk,221.5
20184070NYK,-255,211,9.5,219
20184070SAS,184,-220,3.5,202.5
20184080BOS,400,-550,10.5,201
20184080CHO,100,-120,1,212.5
20184080LAL,-550,400,5,210
20184080MEM,-260,210,5.5,202
20184080PHI,800,-1400,12,213
20184080PHO,-1050,675,13.5,217
20184080TOR,500,-700,1,210.5
20184090BRK,230,-280,8.5,220.5
20184090DEN,160,-190,2,218
20184090DET,-270,220,3.5,207
20184090LAC,-500,375,4,227.5
20184090MIA,-200,170,pk,212.5
20184090MIL,450,-650,10,210
20184090MIN,1400,-4000,15,212
20184090NYK,-1400,800,11.5,223.5
20184090SAS,1000,-2000,13,198
20184100ATL,-650,450,9.5,218
20184100DAL,120,-140,6.5,207.5
20184100IND,115,-135,6,216.5
20184100LAL,-400,300,8.5,219
20184100UTA,300,-400,5,211.5
20184100WAS,275,-350,4.5,205.5
20184110BOS,-195,165,5.5,207
20184110CHI,-200,170,3,212.5
20184110CLE,300,-400,15,218
20184110LAC,125,-145,3.5,217
20184110MIA,120,-140,7,199.5
20184110MIN,135,-155,1.5,217.5
20184110NOP,140,-160,2,211.5
20184110OKC,1500,-5000,17.5,208.5
20184110ORL,-270,220,2.5,201
20184110PHI,200,-250,5.5,215
20184110POR,115,-135,4,201.5
20184110SAC,115,-135,6.5,204
20184140GSW,300,-400,8,210
20184140PHI,200,-250,6.5,210
20184140POR,190,-240,6,216
20184140TOR,275,-350,7.5,211
20184150BOS,143,-163,3.5,203
20184150CLE,296,-370,6.5,216.5
20184150HOU,797,-1300,10.5,217
20184150OKC,151,-175,3.5,205
20184160GSW,450,-650,9.5,207
20184160PHI,250,-310,7,215.5
20184170BOS,-110,-110,3,199
20184170POR,230,-280,6,212.5
20184170TOR,250,-310,8,215
20184180CLE,350,-450,7,208.5
20184180HOU,575,-850,10,214
20184180OKC,145,-170,5,208
20184190MIA,-140,120,1.5,216.5
20184190NOP,150,-180,3,216
20184190SAS,-170,145,2.5,207
20184200IND,105,-125,2,208.5
20184200MIL,180,-220,6,202.5
20184200WAS,-105,-115,1,218
20184210MIA,-180,155,3,217
20184210MIN,-240,199,3.5,213
20184210NOP,222,-270,6,216
20184210UTA,184,-220,4.5,207
20184220IND,-135,115,1.5,205.5
20184220MIL,200,-250,5,206.5
20184220SAS,-300,240,6,203.5
20184220WAS,-125,105,pk,218.5
20184230MIN,-260,210,5,219
20184230UTA,170,-200,6,210.5
20184240BOS,165,-195,2.5,204
20184240GSW,650,-1000,11,204.5
20184240PHI,500,-700,10,211.5
20184250CLE,260,-330,6.5,205
20184250HOU,800,-1400,11,219
20184250OKC,125,-145,3,208
20184250TOR,260,-330,7,214
20184260MIL,170,-200,5,200
20184270IND,110,-130,1.5,204
20184270UTA,230,-280,5.5,206
20184270WAS,-140,120,1,215
20184280BOS,180,-220,4.5,197
20184280GSW,255,-320,8,224
20184290CLE,211,-255,5.5,200
20184290HOU,711,-1100,10,205
20184300BOS,-220,180,pk,210
